User name,AWS access key,Event time,Event source,Event name,AWS region,Source IP address,User agent,Error code,Resources,Request ID,Event ID,Read-only,Event type,Recipient Account Id,Event category
CloudTrail,ASIAUOLMHZTBVTWNJC54,"May 24, 2020, 13:30 (UTC+01:00)",iam.amazonaws.com,CreateRole,us-east-1,84.203.14.124,console.amazonaws.com,AccessDenied,[],fdaf1321-2d8b-4c0f-a36c-f30bae56b651,aee55089-10c9-4c79-bfb9-6d2a5c398e7e,,AwsApiCall,305706552515,
CloudTrail,ASIAUOLMHZTBRV2UB2GE,"May 24, 2020, 13:30 (UTC+01:00)",logs.amazonaws.com,CreateLogGroup,eu-west-1,84.203.14.124,"AWSCloudTrail, aws-internal/3 aws-sdk-java/1.11.776 Linux/4.9.184-0.1.ac.235.83.329.metal1.x86_64 OpenJDK_64-Bit_Server_VM/25.252-b09 java/1.8.0_252 vendor/Oracle_Corporation",,[],aa339e12-7912-455c-ac13-eeea93054bd7,323e5c85-491c-4827-ae02-c802986e38ff,,AwsApiCall,305706552515,
CloudTrail,ASIAUOLMHZTBRV2UB2GE,"May 24, 2020, 13:27 (UTC+01:00)",cloudtrail.amazonaws.com,StartLogging,eu-west-1,84.203.14.124,console.amazonaws.com,,"[{""resourceType"":""AWS::CloudTrail::Trail"",""resourceName"":""Udacity_Trail""}]",dc93a17b-45ca-4a8c-b2df-c641b267bb3c,0bc22313-f778-4af6-b33d-c88687b19e35,false,AwsApiCall,305706552515,
CloudTrail,ASIAUOLMHZTBRV2UB2GE,"May 24, 2020, 13:27 (UTC+01:00)",s3.amazonaws.com,PutBucketPolicy,eu-west-1,84.203.14.124,"[AWSCloudTrail, aws-internal/3 aws-sdk-java/1.11.776 Linux/4.9.184-0.1.ac.235.83.329.metal1.x86_64 OpenJDK_64-Bit_Server_VM/25.252-b09 java/1.8.0_252 vendor/Oracle_Corporation]",,"[{""resourceType"":""AWS::S3::Bucket"",""resourceName"":""cloudtrail-logs-s3-nithin""}]",DCB2FEF7076FECC3,2948b35a-f1ce-47b5-ba29-4f1f1d45e759,,AwsApiCall,305706552515,
CloudTrail,ASIAUOLMHZTBRV2UB2GE,"May 24, 2020, 13:27 (UTC+01:00)",cloudtrail.amazonaws.com,CreateTrail,eu-west-1,84.203.14.124,console.amazonaws.com,,"[{""resourceType"":""AWS::CloudTrail::Trail"",""resourceName"":""Udacity_Trail""},{""resourceType"":""AWS::CloudTrail::Trail"",""resourceName"":""arn:aws:cloudtrail:eu-west-1:305706552515:trail/Udacity_Trail""},{""resourceType"":""AWS::S3::Bucket"",""resourceName"":""cloudtrail-logs-s3-nithin""}]",9f560f43-2e42-4798-966b-41981873f710,9dcb25d0-f4dc-4713-b366-3e9fb5163acd,false,AwsApiCall,305706552515,
CloudTrail,ASIAUOLMHZTBRV2UB2GE,"May 24, 2020, 13:27 (UTC+01:00)",cloudtrail.amazonaws.com,PutEventSelectors,eu-west-1,84.203.14.124,console.amazonaws.com,,"[{""resourceType"":""AWS::CloudTrail::Trail"",""resourceName"":""Udacity_Trail""},{""resourceType"":""AWS::CloudTrail::Trail"",""resourceName"":""arn:aws:cloudtrail:eu-west-1:305706552515:trail/Udacity_Trail""}]",f6f46151-85b3-453e-8de1-0022d73a3f4c,ec098000-3067-4cbc-9e50-b4d5ba40540c,false,AwsApiCall,305706552515,
CloudTrail,ASIAUOLMHZTBRV2UB2GE,"May 24, 2020, 13:27 (UTC+01:00)",s3.amazonaws.com,CreateBucket,eu-west-1,84.203.14.124,"[AWSCloudTrail, aws-internal/3 aws-sdk-java/1.11.776 Linux/4.9.184-0.1.ac.235.83.329.metal1.x86_64 OpenJDK_64-Bit_Server_VM/25.252-b09 java/1.8.0_252 vendor/Oracle_Corporation]",,"[{""resourceType"":""AWS::S3::Bucket"",""resourceName"":""cloudtrail-logs-s3-nithin""}]",F6E00EF1F6310B61,5d616ef8-fda3-4224-8757-92ee2811e1a1,,AwsApiCall,305706552515,
CloudTrail,ASIAUOLMHZTBRV2UB2GE,"May 24, 2020, 13:27 (UTC+01:00)",s3.amazonaws.com,CreateBucket,eu-west-1,84.203.14.124,"[AWSCloudTrail, aws-internal/3 aws-sdk-java/1.11.776 Linux/4.9.184-0.1.ac.235.83.329.metal1.x86_64 OpenJDK_64-Bit_Server_VM/25.252-b09 java/1.8.0_252 vendor/Oracle_Corporation]",BucketAlreadyExists,"[{""resourceType"":""AWS::S3::Bucket"",""resourceName"":""cloudtrail-logs-s3""}]",6C01D3DA5DD02870,c2869b85-087b-45d5-8f49-e29ad0937265,,AwsApiCall,305706552515,
CloudTrail,ASIAUOLMHZTB6NRFQN5L,"May 24, 2020, 13:25 (UTC+01:00)",iam.amazonaws.com,ChangePassword,us-east-1,AWS Internal,AWS Internal,,[],2003d5bb-93dc-4dfa-81e3-9e538cc78881,418e66a5-2303-4d13-8453-96cc50dee2ee,false,AwsApiCall,305706552515,
root,ASIAUOLMHZTBVBHUJM3W,"May 24, 2020, 13:20 (UTC+01:00)",iam.amazonaws.com,CreateLoginProfile,us-east-1,84.203.14.124,console.amazonaws.com,,"[{""resourceType"":""AWS::IAM::User"",""resourceName"":""Accountant""}]",084a6ab7-90b9-4819-89bd-bc83b7debb2c,8d888e13-b02e-44e5-9126-1ad16930d833,,AwsApiCall,305706552515,
root,ASIAUOLMHZTBVBHUJM3W,"May 24, 2020, 13:20 (UTC+01:00)",iam.amazonaws.com,CreateUser,us-east-1,84.203.14.124,console.amazonaws.com,,"[{""resourceType"":""AWS::IAM::User"",""resourceName"":""Accountant""},{""resourceType"":""AWS::IAM::User"",""resourceName"":""AIDAUOLMHZTB6PAOENNR3""},{""resourceType"":""AWS::IAM::User"",""resourceName"":""arn:aws:iam::305706552515:user/Accountant""}]",481440b5-c72a-4c3b-b00c-9e7cb48b3266,a4c14717-83e3-4ff5-834e-d21ff5b2bc21,,AwsApiCall,305706552515,
root,ASIAUOLMHZTBVBHUJM3W,"May 24, 2020, 13:20 (UTC+01:00)",iam.amazonaws.com,AddUserToGroup,us-east-1,84.203.14.124,console.amazonaws.com,,"[{""resourceType"":""AWS::IAM::User"",""resourceName"":""Accountant""},{""resourceType"":""AWS::IAM::Group"",""resourceName"":""Reviewers""}]",ef7cf27d-ce34-4070-926e-6b3d54a32a75,bd496daf-6321-4252-8d7c-c04840024c4c,,AwsApiCall,305706552515,
root,ASIAUOLMHZTBVBHUJM3W,"May 24, 2020, 13:20 (UTC+01:00)",iam.amazonaws.com,CreateLoginProfile,us-east-1,84.203.14.124,console.amazonaws.com,,"[{""resourceType"":""AWS::IAM::User"",""resourceName"":""CloudTrail""}]",b561c2a0-f967-40c4-902a-e1c3a1b02ba3,0cecde15-8c93-438b-8f02-295ed5f3f7a6,,AwsApiCall,305706552515,
root,ASIAUOLMHZTBVBHUJM3W,"May 24, 2020, 13:20 (UTC+01:00)",iam.amazonaws.com,CreateUser,us-east-1,84.203.14.124,console.amazonaws.com,,"[{""resourceType"":""AWS::IAM::User"",""resourceName"":""AIDAUOLMHZTBQTMLA7ZDH""},{""resourceType"":""AWS::IAM::User"",""resourceName"":""arn:aws:iam::305706552515:user/CloudTrail""},{""resourceType"":""AWS::IAM::User"",""resourceName"":""CloudTrail""}]",3e266da1-a5c1-4b91-998d-b91e10ab5fad,8b8c77c3-8cc3-48da-95e7-d398a3c2565f,,AwsApiCall,305706552515,
root,ASIAUOLMHZTBVBHUJM3W,"May 24, 2020, 13:20 (UTC+01:00)",iam.amazonaws.com,AddUserToGroup,us-east-1,84.203.14.124,console.amazonaws.com,,"[{""resourceType"":""AWS::IAM::User"",""resourceName"":""CloudTrail""},{""resourceType"":""AWS::IAM::Group"",""resourceName"":""CloudTrailAdmins""}]",63c24ce2-1c49-48d1-abc8-d153087aff59,ce8d1b3a-ca07-4168-bcf7-bf2f133dfe55,,AwsApiCall,305706552515,
root,ASIAUOLMHZTBVBHUJM3W,"May 24, 2020, 13:18 (UTC+01:00)",iam.amazonaws.com,AttachGroupPolicy,us-east-1,84.203.14.124,console.amazonaws.com,,"[{""resourceType"":""AWS::IAM::Policy"",""resourceName"":""arn:aws:iam::aws:policy/job-function/Billing""},{""resourceType"":""AWS::IAM::Group"",""resourceName"":""Reviewers""}]",9adf6f36-4321-49b7-ad9a-f954f92d562a,0d8b6eaa-d071-47da-a765-a7bdee056ca7,,AwsApiCall,305706552515,
root,ASIAUOLMHZTBVBHUJM3W,"May 24, 2020, 13:18 (UTC+01:00)",iam.amazonaws.com,CreateGroup,us-east-1,84.203.14.124,console.amazonaws.com,,"[{""resourceType"":""AWS::IAM::Group"",""resourceName"":""Reviewers""},{""resourceType"":""AWS::IAM::Group"",""resourceName"":""arn:aws:iam::305706552515:group/Reviewers""},{""resourceType"":""AWS::IAM::Group"",""resourceName"":""AGPAUOLMHZTB5B5ABBWYL""}]",36932eed-26ca-4468-afc2-301bc440e7e3,e452df49-8a5e-456a-873e-592d39c630cd,,AwsApiCall,305706552515,
root,ASIAUOLMHZTBVBHUJM3W,"May 24, 2020, 13:18 (UTC+01:00)",iam.amazonaws.com,AttachGroupPolicy,us-east-1,84.203.14.124,console.amazonaws.com,,"[{""resourceType"":""AWS::IAM::Policy"",""resourceName"":""arn:aws:iam::aws:policy/AWSCloudTrailFullAccess""},{""resourceType"":""AWS::IAM::Group"",""resourceName"":""CloudTrailAdmins""}]",f7966fc1-9e79-444c-926f-559cfac5454b,4ffa0d6e-484d-4bf9-850b-f36990389f72,,AwsApiCall,305706552515,
root,ASIAUOLMHZTBVBHUJM3W,"May 24, 2020, 13:18 (UTC+01:00)",iam.amazonaws.com,AttachGroupPolicy,us-east-1,84.203.14.124,console.amazonaws.com,,"[{""resourceType"":""AWS::IAM::Policy"",""resourceName"":""arn:aws:iam::aws:policy/AWSCloudTrailReadOnlyAccess""},{""resourceType"":""AWS::IAM::Group"",""resourceName"":""CloudTrailAdmins""}]",461c6619-22eb-4b04-a1dd-3866625a1713,e04e00f9-fe56-40e7-9f41-11ea1df03769,,AwsApiCall,305706552515,
root,ASIAUOLMHZTBVBHUJM3W,"May 24, 2020, 13:18 (UTC+01:00)",iam.amazonaws.com,CreateGroup,us-east-1,84.203.14.124,console.amazonaws.com,,"[{""resourceType"":""AWS::IAM::Group"",""resourceName"":""arn:aws:iam::305706552515:group/CloudTrailAdmins""},{""resourceType"":""AWS::IAM::Group"",""resourceName"":""CloudTrailAdmins""},{""resourceType"":""AWS::IAM::Group"",""resourceName"":""AGPAUOLMHZTBQG5E24I46""}]",f25620a1-e009-4761-b8b6-6485ad2ef8f9,e93e5c9e-4f66-4247-ae28-08b1fbebeb13,,AwsApiCall,305706552515,
root,ASIAUOLMHZTBVBHUJM3W,"May 24, 2020, 13:16 (UTC+01:00)",iam.amazonaws.com,UpdateAccountPasswordPolicy,us-east-1,84.203.14.124,console.amazonaws.com,,[],3832367e-80ab-4f9d-96ed-e8d39851cf3d,7f4374e9-e8cf-40f6-b9c3-b8c37d63e1d7,,AwsApiCall,305706552515,
